MS111,MS112,MS113,MS114,MS121,MS122,MS123,MS124,MS131,MS132,MS133,MS134,MS141,MS142,MS143,MS144,MS211,MS212,MS213,MS214,MS221,MS222,MS223,MS224,MS231,MS232,MS233,MS234,MS241,MS242,MS243,MS244,MS311,MS312,MS313,MS314,MS321,MS322,MS323,MS324,MS331,MS332,MS333,MS334,MS341,MS342,MS343,MS344,MS411,MS412,MS413,MS414,MS421,MS422,MS423,MS424,MS431,MS432,MS433,MS434,MS441,MS442,MS443,MS444,MN111,MN112,MN113,MN114,MN121,MN122,MN123,MN124,MN131,MN132,MN133,MN134,MN141,MN142,MN143,MN144,MN211,MN212,MN213,MN214,MN221,MN222,MN223,MN224,MN231,MN232,MN233,MN234,MN241,MN242,MN243,MN244,MN311,MN312,MN313,MN314,MN321,MN322,MN323,MN324,MN331,MN332,MN333,MN334,MN341,MN342,MN343,MN344,MN411,MN412,MN413,MN414,MN421,MN422,MN423,MN424,MN431,MN432,MN433,MN434,MN441,MN442,MN443,MN444,MT111,MT112,MT113,MT114,MT121,MT122,MT123,MT124,MT131,MT132,MT133,MT134,MT141,MT142,MT143,MT144,MT211,MT212,MT213,MT214,MT221,MT222,MT223,MT224,MT231,MT232,MT233,MT234,MT241,MT242,MT243,MT244,MT311,MT312,MT313,MT314,MT321,MT322,MT323,MT324,MT331,MT332,MT333,MT334,MT341,MT342,MT343,MT344,MT411,MT412,MT413,MT414,MT421,MT422,MT423,MT424,MT431,MT432,MT433,MT434,MT441,MT442,MT443,MT444,FP111,FP112,FP113,FP114,FP121,FP122,FP123,FP124,FP131,FP132,FP133,FP134,FP141,FP142,FP143,FP144,FP211,FP212,FP213,FP214,FP221,FP222,FP223,FP224,FP231,FP232,FP233,FP234,FP241,FP242,FP243,FP244,FP311,FP312,FP313,FP314,FP321,FP322,FP323,FP324,FP331,FP332,FP333,FP334,FP341,FP342,FP343,FP344,FP411,FP412,FP413,FP414,FP421,FP422,FP423,FP424,FP431,FP432,FP433,FP434,FP441,FP442,FP443,FP444,FN111,FN112,FN113,FN114,FN121,FN122,FN123,FN124,FN131,FN132,FN133,FN134,FN141,FN142,FN143,FN144,FN211,FN212,FN213,FN214,FN221,FN222,FN223,FN224,FN231,FN232,FN233,FN234,FN241,FN242,FN243,FN244,FN311,FN312,FN313,FN314,FN321,FN322,FN323,FN324,FN331,FN332,FN333,FN334,FN341,FN342,FN343,FN344,FN411,FN412,FN413,FN414,FN421,FN422,FN423,FN424,FN431,FN432,FN433,FN434,FN441,FN442,FN443,FN444,FT111,FT112,FT113,FT114,FT121,FT122,FT123,FT124,FT131,FT132,FT133,FT134,FT141,FT142,FT143,FT144,FT211,FT212,FT213,FT214,FT221,FT222,FT223,FT224,FT231,FT232,FT233,FT234,FT241,FT242,FT243,FT244,FT311,FT312,FT313,FT314,FT321,FT322,FT323,FT324,FT331,FT332,FT333,FT334,FT341,FT342,FT343,FT344,FT411,FT412,FT413,FT414,FT421,FT422,FT423,FT424,FT431,FT432,FT433,FT434,FT441,FT442,FT443,FT444
,,,,,,,,,,,,,,,,,,,,,,,,,,,,,,,,,,,,,,,,,,,,,,,,,,,,,,,,,,,,,,,,,,,,,,,,,,,,,,,,,,,,,,,,,,,,,,,,,,,,,,,,,,,,,,,,,,,,,,,,,,,,,,,,,,,,,,,,,,,,,,,,,,,,,,,,,,,,,,,,,,,,,,,,,,,,,,,,,,,,,,,,,,,,,,,,,,,,,,,,,,,,,,,,,,,,,,,,,,,,,,,,,,,,,,,,,,,,,,,,,,,,,,,,,,,,,,,,,,,,,,,,,,,,,,,,,,,,,,,,,,,,,,,,,,,,,,,,,,,,,,,,,,,,,,,,,,,,,,,,,,,,,,,,,,,,,,,,,,,,,,,,,,,,,,,,,,,,,,,,,,,,,,,,,,,,,,,,,,,,,,,
157.78,157.49,157.61,157.27,157.7,157.69,157.44,157.49,157.77,157.77,157.77,157.4,157.62,157.09,157.77,157.22,157.48,157.18,157.32,157.4,157.17,157.14,157.74,157.98,157.11,157.67,157.2,157.76,157.13,157.28,157.75,157.75,157.31,157.8,157.85,157.56,157.9,157.33,157.51,157.67,157.65,157.43,157.58,157.69,157.69,157.1,157.76,157.86,157.75,157.66,157.39,157.68,157.5,157.83,157.9,157.4,157.58,157.41,157.4,157.6,157.47,157.1,157.91,157.83,170.2,170.2,170.2,170.2,170.22,170.22,170.2,170.2,170.35,170.24,170.2,170.24,170.28,170.22,170.26,170.24,170.21,170.24,170.21,170.24,170.22,170.24,170.22,170.21,170.22,170.2,170.24,170.21,170.24,170.22,170.21,170.24,170.22,170.24,170.2,170.21,170.21,170.2,170.24,170.2,170.2,170.27,170.2,170.2,170.2,170.2,170.21,170.2,170.21,170.21,170.22,170.21,170.21,170.21,170.22,170.2,170.25,170.21,170.2,170.2,170.23,170.2,170.2,170.2,182.9,182.91,182.91,182.91,182.9,182.92,182.9,182.9,182.9,182.9,182.9,182.9,182.9,182.9,182.91,182.91,182.91,182.9,182.9,182.91,182.9,182.91,182.91,182.9,182.9,182.9,182.91,182.92,182.9,182.9,182.9,182.9,182.91,182.91,182.9,182.9,182.91,182.91,182.9,182.9,182.9,182.9,182.91,182.9,182.9,182.9,182.9,182.9,182.9,182.9,182.9,182.9,182.9,182.9,182.9,182.9,182.9,182.9,182.9,182.9,182.9,182.9,182.91,182.9,152.5,152.4,152.4,152.4,152.4,152.4,152.5,152.4,152.4,152.4,152.4,152.4,152.4,152.4,152.4,152.5,152.4,152.4,152.4,152.4,152.4,152.4,152.4,152.4,152.4,152.4,152.4,152.4,152.4,152.5,152.4,152.4,152.4,152.4,152.4,152.4,152.4,152.4,152.4,152.4,152.4,152.4,152.4,152.4,152.4,152.4,152.4,152.4,152.4,152.4,152.4,152.4,152.4,152.4,152.4,152.4,152.4,152.4,152.4,152.4,152.4,152.4,152.4,152.4,162.6,162.6,162.6,162.6,162.6,162.6,162.6,162.6,162.6,162.6,162.6,162.6,162.6,162.6,162.6,162.7,162.6,162.6,162.6,162.6,162.6,162.6,162.6,162.6,162.6,162.6,162.6,162.6,162.6,162.6,162.6,162.6,162.6,162.6,162.6,162.6,162.6,162.6,162.6,162.6,162.6,162.6,162.6,162.6,162.6,162.6,162.6,162.6,162.6,160.6,162.6,162.6,162.6,162.6,162.6,162.6,162.6,162.6,162.6,162.6,162.6,162.6,162.6,162.6,177.8,177.8,177.8,177.8,177.8,177.8,177.8,177.8,177.8,177.8,177.8,177.8,177.8,177.8,177.8,177.8,177.8,177.8,177.8,177.8,177.8,177.8,177.8,177.8,177.8,177.8,177.8,177.8,177.8,177.8,177.8,177.8,177.8,177.8,177.8,177.8,177.8,177.8,177.8,177.8,177.8,177.8,177.8,177.8,177.8,177.8,177.8,177.8,177.8,177.8,177.8,177.8,177.8,177.8,177.8,177.8,177.8,177.8,177.8,177.8,177.8,177.8,177.8,177.8
78,78,78,77.99,78.01,78,78.01,78,78,78,77.99,78,78.01,78,78,78,86.7,86.56,86.7,86.7,86.71,86.71,86.71,86.71,86.7,86.96,86.7,86.7,86.69,86.7,86.7,86.7,95.64,95.29,95.3,95.64,95.29,95.88,95.29,95.75,95.31,95.81,95.81,95.79,95.3,95.3,95.77,95.81,104,104,104.86,104,104.02,104.01,104.01,104.01,104.02,104,104.01,104,104.07,104.02,104.01,104,84,84,84.03,84.01,84,84.01,84,84.07,84.02,84,84,84.01,84,84,84,84,92.7,92.71,92.7,92.71,92.7,92.69,92.69,92.71,92.71,92.7,92.7,92.69,92.7,92.71,92.71,92.69,101.29,101.31,101.3,101.3,101.31,101.31,101.3,101.29,101.3,101.3,101.3,101.29,101.3,101.31,101.3,101.3,110.02,110.02,110.01,110,110.02,110.01,110.02,110.01,110.01,110,110,110,110.02,110.02,110,110.02,91.01,91.01,91.02,91,91,91,91,91.01,91,91.02,91.02,91,91,91.02,91.01,91.01,99.7,99.7,99.7,99.7,99.7,99.71,99.71,99.7,99.7,99.7,99.71,99.7,99.71,99.71,99.71,99.7,108.29,108.31,108.29,108.29,108.31,108.3,108.31,108.3,108.29,108.31,108.3,108.3,108.32,108.3,108.32,108.3,117.01,117.01,117,117,117,117.02,117.01,117.02,117.01,117.02,117.01,117,117,117.01,117.01,117.02,70,70,70,70,70,70,70,70,70,70,71,70,70.7,70,70,70.3,79,79,79,79,79,79,79,79,79,79,79,79,79,79,79,79,88,88,88,88,88,88,88,88,88,88,88,88,88,88,88,88,97,97,97,97,97,97,97,97,97,97,97,97,97,97,97,97,77,77.2,77.6,78,77.6,77,77,77.9,77,77,77,77.1,77,77.7,77,77,84,84,84,84,84,84,84,84,84,84,84,84,84,84,84,84,93,93,93,93,93,93,93,93,93,93,93,93,93,93,93,93,102,102,102,102,102,102,102,102,102,102,102,102,102,102,102,102,83,83.2,83,83,83,83,83.4,83,83.2,83.2,83.2,83.2,83,83,83.6,84,92,92,92,92,92,92,92,92,92,92,92,92,92,92,92,92,101,101,101,101,101,101,101,101,101,101,101,101,101,101,101,101,110,110,110,110,110,110,110,110,110,110,110,110,110,110,110,110
64,64.01,64.01,64.01,69.7,69.71,69.7,69.7,75.3,75.3,75.31,75.3,81,81,81,81,64,64.02,64,64,69.69,69.7,69.69,69.7,75.07,75.3,75.3,75.3,81.01,81.01,81,81.51,64.01,64.01,64,64,69.7,69.71,69.7,69.7,75.31,75.3,75.3,75.3,81,81,81.01,81.01,64.01,64.01,64.25,64,69.71,69.7,69.7,69.71,75,75.31,75.3,75.3,81.01,81.02,81.26,81.01,70,70,70.01,70.01,75,75.69,75.7,75.7,81,81.3,81.01,81.01,86.55,86.4,87.01,86.81,70.01,70.01,70.01,70.01,75.7,75.71,75.7,75.69,81.31,81.31,81.3,81.3,86.52,86.89,87,87,70,70.01,70,70.01,75.7,75.71,75.69,75.7,81.3,81.3,81.3,81.31,85.58,85.7,85.7,85.68,70.01,70.02,70.01,70.01,75.7,75.7,75.71,75.7,81.3,81.31,81.3,81.31,86.81,86.66,86.46,87,75,75.01,75.01,75.01,80.7,80.71,80.7,80.69,86.3,86.31,86.3,86.3,92,92,92,92.01,75.01,75.01,75.01,75.01,80.7,80.71,80.7,80.7,86.3,86.3,86.3,86.29,92,92,92,92,75.01,75.02,75.01,75,80.7,80.71,80.7,80.69,86.3,86.31,86.3,86.3,92,92,92,92,92,75.01,75.01,75,80.71,80.71,80.7,80.7,86.3,86.31,86.3,86.3,92,92,92,92,58,58,58.5,58.4,63.7,63.7,63.7,63.7,69.3,69.3,69.2,69.3,75,75,75,75,58,58,58,59.6,63.7,63.7,63.7,63.7,69.3,69.3,69.3,69.3,75,75,75,75,58,58,58,58,63.7,63.7,63.7,63.7,63.3,69.3,69.3,69.3,75,75,75,75,58,58,58,58,63.7,63.7,63.7,63.7,69.3,69.3,69.3,69.3,75,75,75,75,63,63,63.4,63,68.7,68.7,68.7,68.7,74.3,74.3,74.3,74.3,80,80,80,80,63,63,63,63,68.7,68.7,68.7,68.7,74.3,74.3,74.3,74.3,80,80,80,80,63,63,63,63,68.7,68.7,68.7,68.7,74.3,74.3,74.3,74.3,80,80,80,80,63,63,63,63,68.7,68.7,68.7,68.7,74.3,74.3,74.3,74.3,80,80,80,80,70,70,70,70,75.7,75.7,75.7,75.7,81.3,81.3,81.3,81.3,87,87,87,87,70,70,70,70.1,75.7,75.7,75.7,75.7,81.3,81.3,81.3,81.3,87,87,87,87,70,70,70,70.1,75.7,75.7,75.7,75.7,81.3,81.3,81.3,81.3,87,87,87,87,70,70,70.5,70,75.7,75.7,75.7,75.7,81.3,81.3,81.3,81.3,87,87,87,87
78,86.3,94.7,103.01,78,86.3,94.7,102.99,78.01,86.3,94.69,103,78.01,86.31,94.69,103,78.01,86.3,94.71,103.01,78,86.3,94.7,103.01,78,86.3,94.7,103,78,86.29,94.7,103.01,78.01,86.29,94.7,103,78.01,86.3,94.7,103.02,78,86.3,94.7,103,78.01,86.29,94.69,103.01,78,86.29,94.71,103.01,78.01,86.3,94.69,103,78,86.3,94.7,103,78.01,86.29,94.7,103.01,85.01,93.29,101.7,110.01,110.02,93.3,101.71,110,85,93.3,101.69,110,85,93.3,101.69,110,85,93.3,101.71,110,85,93.29,101.7,110,85,93.29,101.71,110.02,85.01,93.3,101.71,110,85.01,93.3,101.69,110,85.01,93.29,101.7,110.01,85,93.3,101.71,110,85.01,93.29,101.7,110.01,85.01,93.3,101.7,110,85.01,93.3,101.7,110,85,93.3,101.71,110.01,85.01,93.29,101.69,110.01,92.01,100.3,108.7,117,92.01,100.29,108.7,117,92.01,100.31,108.7,117,92.01,100.31,108.7,117,92,100.31,108.7,117,92.01,100.3,108.7,117,92.01,100.3,108.7,117,92,100.31,108.7,117.01,92.02,100.3,108.7,117,92.01,100.3,108.7,117,92.01,100.31,108.7,117,92.01,100.31,108.7,117,92.01,100.3,108.7,117,92.01,100.31,108.7,117,92.01,100.31,108.7,117,92.01,100.31,108.7,117,80,88.3,96.7,105,80,88.3,88.3,105,80,88.3,96.7,105,80,88.3,96.7,105,80,88.3,96.7,105,80,88.3,96.7,105,80,88.3,96.7,105,80,88.3,96.7,105,80,88.3,96.7,105,80,88.3,96.7,105,80,88.3,96.7,105,80,88.3,96.7,105,80,88.3,96.7,105,80.3,88.3,96.7,105,80,88.3,96.7,105,80,88.3,96.7,105,85.6,93.3,101.7,110,85,93.3,101.7,110,85.5,93.3,101.7,110,85,93.3,101.7,110,85.3,93.3,101.7,110,85.2,93.3,101.7,110,85.2,93.3,101.7,110,85,93.3,101.7,110,85.5,93.3,101.7,110,85.6,93.3,101.7,110,85.6,93.3,101.7,110,85,93.3,101.7,110,85.5,93.3,101.7,110,85.2,93.3,101.7,110,85.6,93.3,101.7,110,85.6,93.3,101.7,110,95,103,111.7,120,95,103.3,111.7,120,95,103.3,111.7,120,95,103.3,111.7,120,95,103.3,111.7,120,95.4,103.3,111.7,120,95,103.3,111.7,120,95,103.3,111.7,120,95,103.3,111.7,120,95,103.3,111.7,120,95,103.3,111.7,120,95,103.3,111.7,120,95,103.3,111.7,120,95,103.3,111.7,120,95,103.3,111.7,120,95,103.3,111.7,120
,,,,,,,,,,,,,,,,,,,,,,,,.,,,,,,,,,,,,,,,,,,,,,,,,,,,,,,,,,,,,,,,,,,,,,,,,,,,,,,,,,,,,,,,,,,,,,,,,,,,,,,,,,,,,,,,,,,,,,,,,,,,,,,,,,,,,,,,,,,,,,,,,,,,,,,,,,,,,,,,,,,,,,,,,,,,,,,,,,,,,,,,,,,,,,,,,,,,,,,,,,,,,,,,,,,,,,,,,,,,,,,,,,,,,,,,,,,,,,,,,,,,,,,,,,,,,,,,,,,,,,,,,,,,,,,,,,,,,,,,,,,,,,,,,,,,,,,,,,,,,,,,,,,,,,,,,,,,,,,,,,,,,,,,,,,,,,,,,,,,,,,,,,,,,,,,,,,,,,,,,,,,,,,,,,,,,,,,,,,,,,,,
10.31,10.01,9.96,10.04,9.88,9.83,9.52,9.54,10.01,10.01,9.86,9.83,9.94,9.87,9.83,9.79,9.85,9.74,9.82,9.79,9.76,9.8,9.91,9.84,9.85,9.88,9.85,9.89,9.91,9.82,9.9,9.89,9.8,9.49,9.85,9.69,9.92,9.72,9.94,9.82,9.85,9.76,9.81,9.79,9.82,9.81,9.78,9.82,9.82,9.8,9.8,9.78,9.75,9.97,9.89,9.75,9.77,9.73,9.75,9.8,9.79,9.79,9.88,9.95,10.78,10.87,10.87,10.73,10.85,10.85,10.73,10.7,10.8,10.78,10.7,10.78,10.75,10.68,10.89,10.65,10.55,10.51,10.55,10.51,10.67,10.64,10.53,10.55,10.54,10.56,10.65,10.69,10.64,10.67,10.54,10.64,10.6,10.58,10.49,10.48,10.55,10.53,10.62,10.53,10.5,9.94,10.53,10.49,10.53,10.53,10.52,10.53,10.48,10.48,10.42,10.48,10.48,10.48,10.55,10.67,10.42,10.51,10.49,10.49,10.6,10.49,10.45,10.49,11.3,11.5,11.48,11.48,11.49,11.47,11.3,11.48,11.49,11.49,11.49,11.49,11.49,11.49,11.5,11.48,11.35,11.36,11.36,11.35,11.36,11.35,11.35,11.36,11.36,11.35,11.35,11.34,11.36,11.36,11.36,11.33,11.27,11.27,11.28,11.28,11.23,11.27,11.25,11.28,11.28,11.28,11.27,11.28,11.28,11.28,11.28,11.28,11.24,11.24,11.24,11.24,11.24,11.24,11.24,11.24,11.24,11.24,11.24,11.24,11.24,11.24,11.23,11.24,8.8,8.8,8.7,8.8,8.8,8.7,8.6,8.7,8.8,8.7,8.8,8.7,8.9,8.7,8.7,8.7,8.7,8.7,8.6,8.4,8.7,8.6,8.6,8.7,8.7,8.6,8.6,8.7,8.7,8.4,8.5,8.7,8.6,8.5,8.5,8.5,8.5,8.4,8.5,8.6,8.5,8.5,8.4,8.4,8.5,8.4,8.4,8.4,8.5,8.5,8.4,8.5,8.4,8.5,8.5,8.5,8.4,8.5,8.4,8.4,8.4,8.4,8.4,8.4,9.3,9.3,9.1,9.3,9.5,9.4,9.3,9.4,9.4,9.6,9.5,9.5,9.5,9.5,9.5,9.4,9.1,9.2,9.1,9.3,9.1,9.2,9.2,9.2,9.2,9.1,9.1,9.1,9.2,9.1,9.2,9.3,9,9,9.1,9,9,9.1,9,9,9,9,9,9.1,9.2,9.1,9,9.1,8.9,8.9,8.9,8.9,9,9,8.9,9,8.9,9,8.9,8.9,8.9,9.2,9.1,8.9,10.3,10.3,10.3,10.3,10.3,10.2,10.3,10.2,10.3,10.3,10.1,10.3,10.2,10.3,10.3,10.2,10.1,10,10,10,9.9,10.1,10.1,10,10.1,10,10,9.9,10,10,10,10.1,9.9,9.9,10,9.9,9.9,9.9,9.9,9.9,9.9,9.8,9.9,9.9,9.9,9.9,9.8,9.9,9.9,9.8,9.7,9.8,9.8,9.7,9.8,9.8,9.8,9.8,9.8,9.8,9.8,9.8,9.8,9.7
30.07,30.61,30.59,30.61,30.6,30.6,30.61,30.61,30.59,30.59,30.59,30.59,30.59,30.6,30.59,30.61,33.99,33.99,34,34.01,33.99,33.99,33.99,34.01,33.99,33.99,33.99,33.99,34,34,33.99,33.99,37.39,37.41,37.4,37.4,37.4,37.4,37.4,37.41,37.41,37.41,37.41,37.41,37.41,37.39,37.39,37.4,39.96,39.93,39.87,39.93,39.9,39.97,39.99,39.88,39.92,39.88,39.88,39.94,39.9,39.81,39.99,39.97,33.01,33,33,33.01,33.01,33.01,33.01,33.01,33.01,32.99,32.99,32.99,33.01,32.99,32.99,32.99,36.39,36.4,36.39,36.39,36.4,36.4,36.39,36.39,36.39,36.39,36.4,36.39,36.4,36.4,36.39,36.4,39.8,39.8,39.8,39.8,39.81,39.79,39.79,39.79,39.79,39.61,39.79,39.8,39.8,39.8,39.79,39.79,42.66,42.65,42.66,42.65,42.65,42.65,42.66,42.59,42.65,42.65,42.65,42.65,42.67,42.65,42.66,42.65,35.51,35.5,35.51,35.51,35.51,35.51,35.51,35.53,35.51,35.51,35.51,35.51,35.51,35.51,35.5,35.51,38.9,38.9,38.9,38.9,38.9,38.9,38.9,38.9,38.9,38.9,38.9,38.9,38.9,38.9,38.9,38.91,42.3,42.3,42.3,42.3,42.31,42.3,42.31,42.3,42.3,42.3,42.3,42.3,42.3,42.3,42.3,42.3,45.42,45.41,45.41,45.41,45.41,45.41,45.41,45.41,45.41,45.41,45.41,45.41,45.41,45.41,45.41,45.41,24,24,24,24,24,24,24,24,24,24,24,24,24,24,24,24,27.1,27.1,27.1,27.1,27.1,27.1,27.1,27.1,27.1,27.1,27.1,27.1,27.1,27.1,27.1,27.1,30.2,30.2,30.2,30.2,30.2,30.2,30.2,30.2,30.2,30.2,30.2,30.2,30.2,30.2,30.2,30.2,33.3,33.3,33.3,33.3,33.3,33.3,33.3,33.3,33.3,33.3,33.3,33.3,33.3,33.3,33.3,33.3,25.8,25.8,25.8,25.8,25.8,25.8,25.8,25.8,25.8,25.8,25.8,25.8,25.8,25.8,25.8,25.8,28.9,28.9,28.9,28.9,28.9,28.9,28.9,28.9,28.9,28.9,28.9,28.9,28.9,28.9,28.9,28.9,32,32,32,32,32,32,32,32,32,32,32,32,32,32,32,32,35.1,35.1,35.1,35.1,35.1,35.1,35.1,35.1,35.1,35.1,35.1,35.1,35.1,35.1,35.1,35.1,28.6,28.6,28.6,28.6,28.6,28.6,28.6,28.6,28.6,28.6,28.6,28.6,28.6,28.6,28.6,28.6,31.7,31.7,31.7,31.7,31.7,31.7,31.7,31.7,31.7,31.7,31.7,31.7,31.7,31.7,31.7,31.7,34.8,34.8,34.8,34.8,34.8,34.8,34.8,34.8,34.8,34.8,34.8,34.8,34.8,34.8,34.8,34.8,37.9,37.9,37.9,37.9,37.9,37.9,37.9,37.9,37.9,37.9,37.9,37.9,37.9,37.9,37.9,37.9
22.7,22.7,22.71,22.7,22.71,22.71,22.71,22.7,22.7,22.7,22.7,22.71,22.69,22.71,22.7,22.69,25.2,25.19,25.2,25.2,25.2,25.2,25.21,25.2,25.19,25.19,25.2,25.19,25.2,25.19,25.2,25.2,27.71,27.7,25.33,27.71,27.7,27.7,29.18,27.7,28.35,27.69,27.7,27.69,27.7,27.71,27.7,27.71,30.2,30.2,30.2,30,30.2,30.21,30.2,30.2,30.2,30.2,30.2,30.2,30.21,30.21,30.19,30.2,24.3,24.3,24.3,24.3,24.3,24.3,24.3,24.3,24.31,24.3,24.3,24.3,24.31,24.3,24.3,24.31,26.79,26.8,26.79,26.79,26.79,26.8,26.81,26.79,26.81,26.8,26.8,26.8,26.8,26.79,26.79,26.8,29.3,29.31,29.3,29.3,29.3,29.3,29.3,29.3,29.31,29.3,29.3,29.3,29.3,29.3,29.3,29.3,31.8,31.8,31.81,31.8,31.8,31.8,31.81,31.8,31.8,31.8,31.8,31.8,31.8,31.8,31.81,31.8,26.1,26.1,26.11,26.11,26.1,26.11,26.1,26.11,26.1,26.1,26.1,26.1,26.1,26.1,26.1,26.11,28.6,28.61,28.61,28.6,28.61,28.6,28.6,28.61,28.61,28.6,28.6,28.6,28.61,28.61,28.61,28.6,31.11,31.11,31.11,31.09,31.09,31.09,31.1,31.09,31.09,31.09,31.11,31.09,31.09,31.09,31.09,31.09,33.6,33.6,33.6,33.6,33.6,33.6,33.6,33.6,33.6,33.6,33.6,33.6,33.6,33.6,33.59,33.6,22,22,22,22,22,22,22,22,22,22.1,22,19.3,19.3,22,22,19.3,21.7,21.7,21.7,21.7,21.7,21.7,21.7,21.7,21.7,21.7,21.7,21.7,21.7,21.7,21.7,21.7,24.2,24.2,24.2,24.2,24.2,24.2,24.2,24.2,24.2,24.2,24.2,24.2,24.2,24.2,24.2,24.2,26.7,26.7,26.7,26.7,26.7,26.7,26.7,26.7,26.7,26.7,26.7,26.7,26.7,26.7,26.7,26.7,20.7,20.7,20.7,20.7,20.7,20.7,20.7,20.7,20.7,20.7,20.7,20.7,20.7,20.7,20.7,23,23.1,23.1,23.1,23.1,23.1,23.1,23.1,23.1,23.1,23.1,23.1,23.1,23.1,23.1,23.1,23.1,25.6,25.6,25.6,25.6,25.6,25.6,25.6,25.6,25.6,25.6,25.6,25.6,25.6,25.6,25.6,25.6,28.1,28.1,28.1,28.1,28.1,28.1,28.1,28.1,28.1,28.1,28.1,28.1,28.1,28.1,28.1,28.1,22.8,22.6,22.8,22.8,22.8,22.8,22.8,22.8,22.8,22.8,22.8,22.6,22.8,22.8,22.8,22.8,25.3,25.3,25.3,25.3,25.3,25.3,25.3,25.3,25.3,25.3,25.3,25.3,25.3,25.3,25.3,25.3,27.8,27.8,27.8,27.8,27.8,27.8,27.8,27.8,27.8,27.8,27.8,27.8,27.8,27.8,27.8,27.8,30.3,30.3,30.3,30.3,30.3,30.3,30.3,30.3,30.3,30.3,30.3,30.3,30.3,30.3,30.3,30.3
27.44,27.2,26.91,27.26,27.05,26.95,26.33,26.36,27.22,27.22,27,26.93,27.17,27,27.2,27.1,27.02,26.74,26.95,26.9,26.78,26.88,27.11,25.2,26.97,27.04,26.97,27.08,27.11,26.93,27.11,27.13,27.2,26.4,27.08,26.77,27.23,26.8,27.1,27.01,28.65,26.89,27,26.97,27.01,26.98,26.9,27.04,27.07,27.03,27.02,26.99,26.92,27.15,27.23,26.93,26.98,26.89,26.93,27.03,27.01,26.98,27.21,27.13,29.33,29.52,29.52,29.23,29.48,29.48,29.23,29.14,29.39,29.33,29.15,29.33,29.29,29.11,29.56,29.05,28.95,28.87,28.95,28.87,29.19,29.14,28.92,28.95,28.94,28.98,29.17,29.25,29.15,29.21,29.05,29.15,29.15,29.11,28.92,28.9,29.06,29.01,29.2,29.01,28.97,28.58,29.01,28.92,29.01,29.01,28.99,29.01,28.99,28.99,28.88,28.99,28.99,28.99,28.88,29.45,28.88,29.06,29.01,29.01,29.22,29.01,28.92,29.01,31.32,31.37,31.31,31.3,31.33,31.29,31.32,31.31,31.34,31.33,31.33,31.33,31.34,31.5,31.38,31.31,31.14,31.16,31.16,31.14,31.16,31.14,31.14,31.17,31.17,31.15,31.15,31.12,31.17,31.17,31.17,31.1,31.08,31.08,31.11,31.11,30.99,31.08,31.04,31.11,31.11,31.11,31.08,31.11,31.11,31.11,31.11,31.11,31.11,31.11,31.11,31.11,31.11,31.11,31.11,31.11,31.11,31.11,31.11,31.11,31.11,31.11,31.08,31.11,25.2,25.4,25.2,25.3,25.2,25,24.9,25.2,25.4,24.9,25.4,25.3,25.5,25.3,24.9,25.2,25.4,25.3,25.3,24.8,25.4,25.3,25.1,25.3,25.4,25.3,25.4,25.5,25.4,24.9,25.2,25.4,25.3,25.2,25.3,25.3,25.2,25,25.4,25.4,25.2,25.2,25.1,24.9,25.3,24.9,25.1,24.9,25.3,25.3,25.1,25.3,24.8,25.3,25.3,25.3,25.2,25.2,25,25.4,25,25.2,25.1,25.2,26.9,27,26.8,26.9,27.1,27.1,26.9,27.1,26.9,27.3,27.1,27.1,27.2,27,27.1,26.9,26.9,27.1,26.9,27.1,26.9,27,26.7,27,26.9,26.9,26.8,26.9,27,26.9,27.1,27.1,26.7,26.8,26.9,26.8,26.7,27.1,26.7,26.7,26.7,26.7,26.7,26.9,27,26.9,26.7,26.9,26.7,26.7,27,26.7,26.8,26.8,26.7,26.9,26.7,26.9,26.7,26.7,26.7,26.9,27.3,26.7,29.5,29.5,29.5,29.5,29.5,29.3,29.5,29.6,29.5,29.5,29.1,29.5,29.3,29.5,29.7,29.3,29.6,29.2,29.1,29.2,29.1,29.7,29.6,29.2,29.6,29.2,29.3,29.1,29.3,29.4,29.3,29.6,29.1,29.3,29.5,29.1,29.1,29.1,29.1,29.1,29.1,28.9,29.1,29.3,29.1,29.1,28.9,29.1,29.5,29.1,28.9,29.3,29.1,28.9,29.1,29.1,29.1,29.1,29.1,29.1,29.1,29.1,29.1,28.9
22.56,22.47,22.59,22.38,22.53,22.58,22.96,22.98,22.55,22.55,22.56,22.53,22.42,22.38,22.56,22.48,22.51,22.59,22.49,22.55,22.55,22.5,22.48,22.62,22.43,22.53,22.43,22.53,22.37,22.51,22.51,22.51,22.3,23.02,22.52,22.68,22.43,22.6,22.42,22.53,21.75,22.54,22.52,22.56,22.53,22.4,22.81,22.56,22.51,22.51,22.43,22.54,22.55,22.47,22.43,22.52,22.53,22.56,22.52,22.51,22.49,22.39,22.45,22.49,24.38,24.22,24.22,24.43,24.26,24.26,24.43,24.52,24.35,24.4,24.52,24.4,24.41,24.56,24.24,24.61,24.54,24.61,24.54,24.61,24.36,24.41,24.57,24.54,24.55,24.52,24.39,24.33,24.41,24.36,24.54,24.41,24.36,24.39,24.52,24.53,24.36,24.42,24.3,24.42,24.46,23.91,24.42,24.52,24.42,24.42,24.44,24.42,24.44,24.44,24.55,24.44,24.44,24.44,24.55,24.65,24.52,24.36,24.42,24.42,24.28,24.42,24.51,24.42,26.29,26.24,26.31,26.31,26.3,26.33,26.29,26.31,26.3,26.3,26.3,26.3,26.3,26.3,26.24,26.31,26.31,26.29,26.29,26.31,26.29,26.31,26.31,26.29,26.29,26.31,26.31,26.33,26.29,26.29,26.29,26.37,26.31,26.31,26.29,26.29,26.4,26.31,26.37,26.29,26.29,26.29,26.31,26.29,26.29,26.29,26.29,26.29,26.29,26.29,26.29,26.29,26.29,26.29,26.29,26.29,26.29,26.29,26.29,26.29,26.29,26.29,26.3,26.29,20.8,21,20.7,20.9,20.8,20.5,20.5,20.8,21,20.4,20.9,20.8,21.1,20.8,20.5,20.7,21.2,21.1,21,20.5,21.1,21,20.8,21.1,21.1,21,21,21.1,21.1,20.4,20.8,21.1,21.1,21,21.1,21.1,21,20.7,21.1,21.2,21,21,20.8,20.6,21.1,20.6,20.8,20.6,21.1,21.1,20.9,21.1,20.6,21.1,21.1,21.1,20.9,21,20.8,21.2,20.8,21,20.9,21,22.2,22.2,22,22.2,22.4,22.4,22.2,22.4,22.2,22.6,22.4,22.4,22.5,22.3,22.5,22.2,22.3,22.4,22.2,22.5,22.3,22.4,22.1,22.4,22.3,22.2,22.2,22.3,22.4,22.3,22.4,22.5,22.2,22.2,22.4,22.2,22.2,22.6,22.2,22.2,22.2,22.2,22.2,22.4,22.5,22.4,22.2,22.4,22.2,22.2,22.2,22.2,22.3,22.2,22.2,22.4,22.2,22.4,22.2,22.2,22.2,22.4,22.8,22.2,24.4,24.4,24.4,24.4,24.4,24.1,24.4,24.1,24.4,24.4,23.9,24.4,24.1,24.4,24.6,24.2,24.6,24.1,24.2,24.1,24,24.6,24.6,24.2,24.6,24.1,24.2,24,24.1,24.3,24.2,24.6,24.1,24.3,24.6,24.1,24.2,24.2,24.1,24.2,24.2,23.9,24.2,24.4,24.2,24.2,24,24.2,24.6,24.2,24,24.4,24.2,23.9,24.2,24.1,24.2,24.2,24.1,24.1,24.2,24.1,24.2,24
11.59,11.59,11.61,11.6,11.6,11.6,11.6,11.59,11.61,11.61,11.6,11.6,11.61,11.6,11.6,11.61,12.9,12.91,12.89,12.9,12.9,12.9,12.89,12.9,12.91,12.89,12.9,12.89,12.9,12.9,12.9,12.9,14.19,14.21,14.2,14.21,14.2,14.2,14.2,14.21,14.21,14.2,14.2,14.21,14.21,14.21,14.2,14.2,15.5,15.5,15.5,15.51,15.49,15.49,15.51,15.5,15.5,15.5,15.5,15.5,15.5,15.5,15.5,15.5,12.5,12.5,12.5,12.5,12.5,12.5,12.5,12.49,12.5,12.49,12.49,12.49,12.5,12.5,12.51,12.52,13.8,13.81,13.8,13.81,13.8,13.8,13.8,13.8,13.81,13.8,13.81,13.79,13.8,13.8,13.8,13.8,15.1,15.11,15.1,15.1,15.09,15.1,15.11,15.1,15.09,15.11,15.1,15.1,15.1,15.1,15.1,15.1,16.41,16.41,16.4,16.41,16.41,16.41,16.4,16.39,16.4,16.4,16.4,16.4,16.4,16.4,16.4,16.4,13.51,13.51,13.5,13.5,13.51,13.5,13.51,13.5,13.51,13.51,13.51,13.51,13.51,13.51,13.51,13.5,14.8,14.8,14.8,14.8,14.8,14.8,14.8,14.8,14.8,14.8,14.8,14.81,14.8,14.8,14.8,14.8,16.09,16.09,16.1,16.1,16.09,16.09,16.1,16.1,16.1,16.1,16.09,16.1,16.1,16.1,16.1,16.1,17.41,17.41,17.41,17.41,17.41,17.41,17.41,17.41,17.41,17.41,17.41,17.41,17.41,17.41,17.41,17.41,10,10,10,10,10,10,10,10,10,10,10,10,10,10,10,10,11.3,11.3,11.3,11.3,11.3,11.3,11.3,11.3,11.3,11.3,11.3,11.3,11.3,11.3,11.3,11.3,12.5,12.5,12.5,12.5,12.5,12.5,12.5,12.5,12.5,12.5,12.5,12.5,12.5,12.5,12.5,12.5,13.8,13.8,13.8,13.8,13.8,13.8,13.8,13.8,13.8,13.8,13.8,13.8,13.8,13.8,13.8,13.8,10.7,10.7,10.7,10.7,10.7,10.7,10.7,10.7,10.7,10.7,10.7,10.7,10.7,10.7,10.7,10.7,12,12,12,12,12,12,12,12,12,12,12,12,12,12,12,12,13.3,13.3,13.3,13.3,13.3,13.3,13.3,13.3,13.3,13.3,13.3,13.3,13.3,13.3,13.3,13.3,14.6,14.6,14.6,14.6,14.6,14.6,14.6,14.6,14.6,14.6,14.6,14.6,14.6,14.6,14.6,14.6,11.9,11.9,11.9,11.9,11.9,11.9,11.9,11.9,11.9,11.9,11.9,11.9,11.9,11.9,11.9,11.9,13.2,13.2,13.2,13.2,13.2,13.2,13.2,13.2,13.2,13.2,13.2,13.2,13.2,13.2,13.2,13.2,14.5,14.5,14.5,14.5,14.5,14.5,14.5,14.5,14.5,14.5,14.5,14.5,14.5,14.5,14.5,14.5,15.8,15.8,15.8,15.8,15.8,15.8,15.8,15.8,15.8,15.8,15.8,15.8,15.8,15.8,15.8,15.8
26.54,26.2,26.2,26.4,26.2,26.2,26.2,26.2,26.19,26.2,26.2,26.2,26.2,26.2,26.2,26.21,29.1,29.11,29.1,29.11,29.1,29.36,29.11,29.29,29.21,29.29,29.31,29.26,29.31,29.33,29.26,28.88,32.69,32.84,32.56,32.7,32.48,32.7,31.98,32,31.99,32.65,32.61,32.6,32.6,32.45,32.01,32.56,35.62,35.65,35.88,35.67,35.69,35.6,35.56,35.69,34.9,34.9,34.91,35.64,34.91,35.65,35.5,35.6,28.24,28.17,28.2,28.29,28.17,28.07,28.2,28.48,28.21,28.25,28.32,28.21,28.21,28.19,28.05,28.26,31.27,31.29,31.27,31.45,31.19,31.2,31.1,31.05,31.27,31.24,31.1,31.16,31.08,31.16,31.23,31.1,34.4,34,34,34.49,34.01,34.41,34.34,34.41,34.29,33.98,34.3,34,34.82,34.45,34,34.42,36.78,36.78,37.79,37.74,37.73,37.74,37.01,37.45,37.76,37.01,37,37.72,37.65,37.71,37.78,37.71,30.76,30.5,30.65,30.65,30.5,30.51,30.61,30.5,30.61,30.63,30.63,30.63,30.49,30.63,30.5,30.62,33.56,33.4,33.39,33.56,33.55,33.55,33.55,33.56,33.55,33.56,33.41,33.57,33.55,33.56,33.4,33.59,36.3,36.74,36.74,36.74,36.8,36.74,36.3,36.74,36.74,36.3,36.72,36.73,36.73,36.73,36.74,36.72,40,40.02,40.01,40.01,40,40.01,40,40,40,40,40,40.01,39.99,39.99,40,40.01,21,21.3,20.9,21.1,21.7,20.7,20.6,21,21.7,21.7,21.3,21,22.4,21.2,21.7,20.9,24.5,24,23.9,24.5,24,23.9,23.6,24.8,24,24.5,24.5,24,23.9,23,21.9,24.5,27.3,27.3,27.3,27,26.7,27.3,26.7,27.2,26.9,26.8,26.4,26.2,27.2,26.2,26.7,26.2,30.1,30,29.9,30.3,29.6,30.2,30.1,30.1,29.9,30.2,29.9,30.3,29.7,30,30.4,30.1,23.3,23.3,22.5,23.3,23.3,22.9,22.7,23,23.4,23.1,22.8,23.7,23,23.3,23.3,22.6,25.4,25.5,25.4,25.6,25.4,25.1,25.1,25.3,26.2,25.2,25.4,25.4,26.1,25.3,25.5,25.7,28.3,28.3,28.9,28.4,28.4,28.9,28.4,28.5,28.9,28.3,28.4,28.9,28.8,28.6,28.9,28.9,31.7,31.7,31.6,31.6,31.7,31.7,31.6,30.1,31.7,31.8,31.5,31.7,31.7,32,32.2,31.5,25.5,25.9,25.9,25.5,25.6,25.2,25.6,25.9,25.6,25.6,25,25.6,25.2,25.6,26,25.5,28.7,28,28.7,28.7,27.7,28.4,28.5,28.7,28.7,27.9,28.1,28.2,27.9,28.2,28.1,28.3,30.9,31.1,31.5,31.1,31.5,31.5,30.9,31.5,30.9,31.5,30.9,31.2,31,31.5,30.6,30.8,34.5,34.8,33.9,34.4,34.2,33.9,34.2,34.1,34.1,34.2,34.1,34.3,34.5,34.1,34.2,33.9
68.69,68.87,77.64,68.15,77.49,77.63,77.89,78.15,75.61,75.71,77.55,77.45,77.59,77.25,78.14,78.22,73.72,76.83,77.32,73.85,76.44,76.4,77.51,76.48,78.62,78.66,78.67,78.66,81.11,81.01,81.24,80.81,79.51,80.12,79.07,79.53,81.53,82.24,81.32,81.49,83.96,84.17,83.99,83.93,86.53,86.04,86.48,86.23,84.87,84.81,85.36,84.67,87.48,87.07,86.89,87.14,89.63,89.74,35.68,89.35,92.1,91.91,91.75,91.61,76.78,76.43,76.43,76.58,78.38,78.9,78.85,79.25,81.42,81.68,81.73,81.34,83.92,84.13,83.62,84.24,80.23,80.26,80.06,80.06,82.02,82.36,82.59,82.33,85.19,84.99,84.61,84.3,87.14,87.04,89.5,86.96,84.74,84.7,84.85,84.81,87.19,87.21,86.83,87.01,89.74,85.44,89.45,89.54,90.69,90.69,91.31,91.03,90.8,90.7,90.75,90.46,93.15,93.05,93.85,92.6,95.66,95.24,95.26,95.16,97.49,97.6,97.58,97.53,83.07,82.81,82.87,82.72,85.43,85.88,85.21,85.12,87.87,87.74,87.6,87.51,90.22,90.13,89.92,89.96,86.15,85.92,85.8,85.87,88.45,88.44,88.32,88.2,90.92,90.8,90.73,90.6,93.34,93.19,93.15,93.21,90.89,90.78,90.62,90.53,93.46,93.17,93.2,92.93,95.58,95.49,95.43,95.29,97.97,97.86,97.76,97.67,103.82,96.59,96.5,96.39,99.11,99.01,98.9,98.81,101.45,101.36,101.25,101.13,103.83,103.73,103.66,103.52,55,55,55.1,55,56.1,57.4,57.4,57.2,59.9,59.8,60.5,59.6,60.5,61.3,61.3,62.1,58.3,58,58.5,58.6,61.1,61,60.9,60.5,63.5,63.3,63.5,63.3,65.9,66,66.3,65.4,63.4,62.5,62.7,62.5,64.9,65.2,65.2,65.4,67.4,67.2,67.1,67,69.5,69.4,69.2,69.3,69.2,69,68.7,70.1,72.5,72.4,71.9,71.6,74.2,75.6,75.2,74,76.3,77.1,75.7,76.6,60.3,60.4,60.6,60.6,63.1,62.7,62.5,62.9,63.1,63.5,63.3,62.7,65.8,67.7,65.4,67.1,63,63.1,62.7,62.9,65.6,65.3,65.2,65.1,66.2,67.9,67.4,67.5,69.1,70.3,70.3,70,66.5,66.5,66.9,66.7,70.5,70.1,69.5,70.4,72.1,71.3,71.3,71.8,75.2,74.8,74.5,75.3,74.1,73.6,73.7,74.1,76.7,76.8,76.1,76.3,78.3,78.4,77.8,78.3,80.3,81.3,80.6,80.1,64.5,64.2,63.9,64,66.4,66.3,66.5,66.8,68.8,68.6,68.5,68.4,71.1,71,71.2,71.2,69.4,69.1,69.6,69.1,71.9,71.9,71.5,71.3,74.2,74,74.1,73.7,76.6,76.5,76.5,76.4,72.8,72.9,73.3,72.4,75.3,75.1,75,74.9,77.6,77.4,77.4,77.3,80.1,79.8,79.7,79.7,79.2,78.7,79.1,79.1,81.7,81.3,81.8,81.3,83.9,83.8,83.7,83.7,85.9,86.1,86.2,85.9
32.44,32.99,33.11,32.86,33.04,33.11,33.59,33.59,33.09,33.1,33.08,33.02,32.89,32.84,33.2,33.09,33.02,33.1,33.01,33.09,33.06,32.99,32.98,33.17,32.93,33.07,32.93,33.07,32.9,33.13,33.12,33.12,33.08,33.65,33.08,33.23,32.94,33.11,32.89,33.04,33,33.08,33.05,33.11,33.14,32.95,33.31,33.17,33.06,33.06,32.97,33.1,33.07,32.99,35.95,33.03,33.06,33.09,33.04,33.04,33.07,32.94,33.02,33.08,35.73,35.55,35.56,35.8,35.58,35.58,35.79,35.89,35.74,35.78,35.94,35.77,35.9,36.08,35.64,36.15,35.91,35.99,35.91,35.99,35.69,35.75,35.95,35.91,35.99,35.94,35.77,35.67,35.87,35.8,36.05,35.87,35.71,35.75,35.9,35.92,35.74,35.79,35.64,35.79,35.88,37.66,35.82,35.92,35.89,35.89,35.9,35.88,35.84,35.84,35.95,35.84,35.82,35.82,35.94,36.14,35.96,35.77,35.82,35.82,35.7,35.89,35.99,35.89,38.52,38.48,38.55,38.55,38.52,38.57,38.52,38.55,38.57,38.56,38.56,38.56,38.65,38.65,38.58,38.67,38.55,38.53,38.53,38.55,38.52,38.55,38.54,38.52,38.56,38.58,38.58,38.6,38.64,38.64,38.63,38.71,38.56,38.56,38.54,38.54,38.64,38.55,38.6,38.52,38.56,38.55,38.58,38.55,38.63,38.63,38.62,38.62,38.62,38.55,38.55,38.55,38.53,38.53,38.53,38.53,38.55,38.55,38.55,38.55,38.62,38.62,38.64,38.61,35.7,35.4,35.8,35.6,35.6,35.9,36,35.6,35.3,36,35.4,35.5,35.2,35.5,36,35.7,35.3,35.4,35.4,36.1,35.2,35.3,35.6,35.3,35.2,35.3,35.3,35.2,35.2,36,35.5,35.2,35.3,35.4,35.4,35.4,35.3,35.7,35.2,35.2,35.4,35.3,35.6,35.8,35.3,35.8,35.5,35.7,35.3,35.3,35.6,35.4,35.8,35.2,35.3,35.3,35.4,35.3,35.6,35.1,35.6,35.3,35.5,35.3,38,38,38.2,38.1,37.7,37.7,38,37.7,37.9,37.4,37.6,37.7,37.6,37.8,37.6,37.9,38,37.8,38,37.7,37.8,37.7,38.1,37.7,37.8,37.9,37.9,37.9,37.7,37.9,37.7,37.6,38,38,37.8,38,38,37.5,38,38,37.9,37.9,37.9,37.7,37.6,37.7,37.9,37.7,38,38.1,38.1,38.1,37.9,37.9,38,37.7,37.9,37.7,37.9,38,38,37.7,37.2,37.9,41.4,41.4,41.4,41.4,41.3,41.6,41.3,41.6,41.3,41.3,41.9,41.3,41.6,41.3,41.1,41.6,41.2,41.7,41.7,41.7,41.8,41.1,41.2,41.6,41.1,41.6,41.4,41.8,41.6,41.4,41.6,41.1,41.7,41.5,41.2,41.7,41.6,41.6,41.6,41.6,41.6,41.9,41.6,41.3,41.6,41.6,41.8,41.6,41.3,41.7,42,41.5,41.6,41.9,41.6,41.7,41.6,41.6,41.6,41.6,41.6,41.6,41.6,41.8
15.24,15.87,16.11,15.8,16,16.09,16.73,16.73,16.28,16.29,16.05,16.03,15.83,15.85,16.23,16.06,15.93,16.17,15.94,16.04,16.18,16.09,15.92,16.05,16.19,16.13,15.93,15.94,16.36,16.38,16.15,16.03,16.04,16.7,15.91,16.25,15.89,16.13,15.78,15.93,16.2,16.19,16.01,16,16.57,16.23,16.4,16.08,15.91,15.9,15.84,16.04,16.13,15.87,15.75,15.95,16.28,16.2,16.04,15.92,16.52,16.23,16.04,15.97,17.3,17.03,17.03,17.42,17.08,17.14,17.37,17.49,17.57,17.49,17.58,17.31,17.93,17.95,17.3,17.76,17.55,17.62,17.52,17.68,17.39,17.37,17.58,17.51,17.9,17.7,17.38,17.2,17.92,17.66,17.75,17.45,17.26,17.28,17.49,17.57,17.45,17.43,17.17,17.36,17.78,18.58,17.46,17.52,17.97,17.79,17.61,17.48,17.42,17.39,17.55,17.45,17.55,17.46,17.55,17.47,17.88,17.5,17.46,17.39,17.77,17.79,17.74,17.51,18.77,18.67,18.78,18.82,18.88,18.85,18.75,18.77,19.06,18.93,18.83,18.76,19.32,19.14,18.91,18.9,18.8,18.74,18.75,18.82,18.88,18.83,18.78,18.74,19.06,18.96,18.86,18.82,19.32,19.14,18.98,18.97,18.8,18.77,18.75,18.79,19.03,18.83,18.85,18.74,19.06,18.93,18.86,18.76,19.32,19.14,18.98,18.87,19.32,18.74,18.75,18.79,18.88,18.8,18.75,18.74,19.06,18.93,18.83,18.76,19.32,19.14,19.01,18.87,17.2,17,17.2,17.1,17.4,17.5,17.5,17.1,17.4,17.8,17.2,17.2,17.7,17.7,17.8,17.5,16.9,16.9,16.9,17.4,17.1,17.1,17.2,16.9,17.4,17.2,17.1,16.9,17.7,18,17.5,17.1,16.9,17,16.9,16.9,17.2,17.3,16.9,16.8,17.4,17.2,17.3,17.4,17.7,17.9,17.5,17.5,16.9,16.9,17,16.9,17.5,17,16.9,16.9,17.5,17.2,17.3,16.8,17.9,17.5,17.4,17.2,18.3,18.3,18.4,18.3,18.3,18.2,18.3,18.1,18.8,18.3,18.3,18.2,18.9,18.8,18.5,18.5,18.3,18.1,18.2,18,18.4,18.2,18.4,18.1,18.7,18.6,18.4,18.3,18.9,18.8,18.5,18.3,18.3,18.2,18.1,18.2,18.5,18.1,18.3,18.3,18.8,18.6,18.4,18.2,18.9,18.7,18.7,18.4,18.3,18.3,18.3,18.3,18.4,18.4,18.3,18.1,18.8,18.4,18.5,18.4,19.1,18.7,18.2,18.5,19.9,19.9,19.8,19.8,20.1,20.2,19.9,20.1,20.4,20.2,20.5,20,21,20.5,20.2,20.3,19.8,20.1,20,20,20.5,19.8,19.8,20,20.2,20.4,20.2,20.3,20.9,20.5,20.5,20,20.2,19.9,19.7,20,20.3,20.2,20.1,20,20.6,20.6,20.2,20,20.9,20.7,20.6,20.3,19.8,20.1,20.2,19.8,20.3,20.4,20.1,20.1,20.6,20.4,20.3,20.2,20.9,20.7,20.5,20.5
12.25,12.2,12.2,12.2,12.2,12.2,12.2,12.21,12.2,12.19,12.21,12.2,12.19,12.19,12.2,12.21,12.19,12.21,12.19,12.2,12.2,12.2,12.2,12.2,12.2,12.21,12.2,12.2,12.2,12.19,12.2,12.2,12.21,12.21,12.21,12.2,12.2,12.19,12.19,12.21,12.2,12.2,12.2,12.19,12.21,12.19,12.19,12.19,12.2,12.2,12.2,12.21,12.2,12.21,12.2,12.19,12.2,12.2,12.19,12.2,12.2,12.19,12.19,12.2,13.09,13.1,13.1,13.09,13.09,13.1,13.08,13.09,13.09,13.09,13.08,13.1,13.09,13.1,13.1,13.08,13.1,13.09,13.1,13.09,13.11,13.1,13.1,13.1,13.1,13.1,13.1,13.09,13.08,13.09,13.08,13.09,13.11,13.1,13.11,13.1,13.1,13.1,13.1,13.1,13,13.01,13.01,13,13.1,13.1,13.09,13.1,13.1,13.1,13.1,13.11,13.11,13.11,13.1,13.1,13.1,13.11,13.1,13.1,13.11,13.1,13.11,13.1,14.1,14.1,14.11,14.11,14.09,14.1,14.08,14.11,14.1,14.11,14.1,14.11,14.1,14.09,14.1,14.1,14.11,14.1,14.11,14.11,14.1,14.1,14.09,14.1,14.11,14.11,14.1,14.1,14.11,14.11,14.1,14.09,14.09,14.09,14.1,14.1,14.11,14.09,14.1,14.1,14.1,14.1,14.09,14.1,14.1,14.1,14.1,14.1,14.11,14.11,14.11,14.11,14.11,14.11,14.11,14.11,14.11,14.11,14.11,14.11,14.11,14.11,14.1,14.11,12.1,12.1,12.1,12.1,12.2,12.1,12.1,12.1,12.1,12.1,12.1,12.1,12.2,12.1,12.1,12.1,12.1,12.1,12.1,12.1,12.1,12.1,12.1,12.1,12.1,12.1,12.1,12.1,12.1,12.1,12.1,12.1,12.1,12.1,12.1,12.1,12.1,12.1,12.1,12.1,12.1,12.1,12.1,12.1,12.1,12.1,12.1,12.1,12.1,12.1,12.1,12.1,12.1,12.1,12.1,12.1,12.1,12.1,12.1,12.1,12.1,12.1,12.1,12.1,13,13,13,13,13,13,13,13,13.1,13,13,13,13,13,13,13,13,13,13,13,13,13,13,13,13.1,13,13,13,13,13,13,13,13,13,13,13,13,13,13,13,13,13,13,13,13,13,13,13,13,13,13,13,13,13,13,13,13,13,13,13,13,13,13,13,14.4,14.4,14.4,14.4,14.4,14.4,14.4,14.4,14.4,14,14.4,14.4,14.4,14.4,14.4,14.4,14.4,14.4,14.4,14.4,14.4,14.4,14.4,14.4,14.4,14.4,14.4,14.4,14.4,14.4,14.4,14.4,14.4,14.4,14.4,14.4,14.4,14.4,14.4,14.4,14.4,14.4,14.4,14.4,14.4,14.4,14.4,14.4,14.4,14.4,14.4,14.4,14.4,14.4,14.4,14.4,14.4,14.4,14.4,14.4,14.4,14.4,14.4,14.4
37.49,36.32,35.87,36.51,36.3,35.97,33.85,33.85,36.33,36.33,36.15,35.98,36.74,36.4,36.08,35.95,36.26,35.46,35.99,35.77,35.61,35.96,36.53,35.94,36.27,36.2,36.19,36.22,36.66,35.97,36.31,36.29,35.83,33.92,36.33,35.29,37,35.55,36.47,36.11,36.54,35.91,36.11,35.96,36.31,36.31,35.21,36.16,36.49,36.27,36.31,36.03,36.03,36.63,36.82,35.89,36.21,35.82,35.91,36.19,36.34,36.31,36.74,36.48,39.02,39.6,39.53,38.48,39.38,39.45,38.5,38.06,39.19,38.81,38.09,38.72,38.86,38,39.54,37.69,38.2,37.77,38.01,37.68,39.07,38.73,37.85,37.99,38.12,38.16,38.74,39.03,38.84,38.96,38.01,38.64,39.07,38.81,38.09,37.99,38.93,38.57,39.15,38.48,38.52,37.7,38.5,38.06,38.69,38.57,38.43,38.48,38.61,38.5,37.93,38.4,38.61,38.5,37.94,39.22,38.22,38.82,38.5,38.48,39.4,38.57,38.09,38.48,41.34,41.48,41.07,41.04,41.34,41.06,41.16,41.04,41.34,41.23,41.16,41.13,41.34,41.23,41.4,41.04,41.25,41.23,41.16,41.04,41.34,41.14,41.07,41.13,41.34,41.14,41.07,40.96,41.34,41.23,41.16,40.79,41.25,41.14,41.16,41.13,40.85,41.14,40.82,41.13,41.34,41.23,41.07,41.13,41.34,41.23,41.16,41.13,41.34,41.23,41.16,41.13,41.34,41.23,41.16,41.13,41.34,41.23,41.16,41.13,41.34,41.23,41.07,41.13,32.8,33,32.6,32.7,32.8,32.3,32.3,32.7,33.1,32.2,32.8,32.7,33.2,32.7,32.2,32.5,33.2,33,32.9,32.2,33.2,33,32.7,33,33.1,33,32.9,33.1,33.1,32.2,32.7,33,33.2,33,33,33,33.1,32.5,33.1,33.2,33,33,32.7,32.4,33.1,32.5,32.7,32.5,33.2,33.1,32.8,33.1,32.5,33.1,33,33,33,33,32.7,33.2,32.8,33,32.8,33,35,34.9,34.6,34.8,35.3,35.2,34.8,35.1,35,35.5,35.2,35.1,35.4,35,35.2,34.9,35.1,35.2,34.9,35.3,35.1,35.2,34.7,35.2,35.1,34.9,34.9,34.9,35.2,35,35.1,35.3,35,35,35.2,34.9,35,35.4,34.8,34.8,35,34.9,34.9,35.2,35.4,35.2,34.8,35.1,35,34.9,34.8,34.8,35.1,35,34.8,35.1,35,35.2,34.8,34.8,35,35.2,35.6,34.8,38.4,38.4,38.3,38.3,38.4,38,38.3,38,38.4,38.4,37.7,38.3,38.1,38.4,38.5,38,38.6,38,38,38,37.9,38.6,38.5,38,38.6,38,38.1,37.7,38.1,38.2,38,38.5,38.1,38.2,38.5,38,38.1,38,38,38,38.1,37.7,38,38.3,38.1,38,37.7,38,38.6,38,37.7,38.3,38.1,37.7,38,38,38.1,38,38,38,38.1,38,38,37.7
46.3,51.3,56.21,61.21,46.3,51.31,56.19,58,46.3,51.3,56.2,57.99,46.3,51.3,56.2,58,46.3,51.31,56.21,58.01,46.3,48.01,56.2,58.01,46.3,51.31,55,56,46.31,51.29,56.2,58,46.3,51.3,56.21,54.99,46.3,51.3,56.21,57,46.3,51.3,56.2,58,46.3,51.31,56.2,58,46.29,51.29,56.2,58,46.29,51.3,56.21,57.99,46.3,51.3,56.2,58.01,46.3,51.31,56.2,57.99,50.5,55.5,58,62,60.74,55.5,60,65.01,50.5,55.49,60.5,62,50.5,55.5,60.49,62.01,50.5,55.5,60.5,62,50.49,55.5,60.5,62.01,50.51,55.49,60.5,62,50.51,55.5,60.5,62.01,50.49,55.49,60.5,62.01,50.5,55.49,60.49,65.4,50.5,55.5,60.5,65.4,46.97,55.49,60.51,65.4,50.5,55.5,60.51,65.4,50.5,55.5,60.51,65.4,50.5,55.5,60.5,65.4,50.49,55.49,60.5,65.4,54.51,59.4,64.29,69.3,54.51,59.4,64.3,69.3,54.51,59.4,64.31,69.29,54.51,59.4,64.3,69.3,54.5,59.4,64.31,69.3,54.51,59.41,64.29,69.29,54.51,59.41,64.29,69.31,54.5,59.4,64.31,69.3,54.51,59.41,64.31,69.29,54.49,59.41,64.3,69.29,54.51,59.4,64.29,69.29,54.51,59.4,64.31,69.29,54.51,59.4,64.31,69.29,54.51,59.4,64.31,69.29,54.51,59.4,64.31,69.29,54.51,59.4,64.29,69.29,45.7,50.4,55.2,59.9,45.7,50.4,55.2,55,45.7,50.4,55.2,59.9,45.7,50.4,55.2,60,45.7,50.4,55.2,59.9,45.7,50.4,55.2,59.9,45.7,50.4,55.2,59.9,45.7,50.4,55.2,59.9,45.7,50.4,55.2,59.9,45.7,50.4,55.2,59.9,45.7,50.4,55.2,59.9,45.7,50.4,55.2,59.9,45.7,50.4,55.2,59.9,45.7,50.4,55.2,59.9,45.7,50.4,55.2,59.9,45.7,50.4,55.2,59.9,48.3,53,57.8,62.5,48.3,53,57.8,62.5,48.3,53,57.8,62.5,48.3,53,57.8,62.5,48.3,53,57.8,62.5,48.3,53,57.8,62.5,48.3,53,57.8,62.5,48.3,53,57.8,62.5,48.3,53,57.8,62.5,48.3,53,57.8,62.5,48.3,53,57.8,62.5,48.3,53,57.8,62.5,48.3,53,57.8,62.5,48.3,53,57.8,62.5,48.3,53,57.8,62.5,48.3,53,57.8,58,53.8,58.5,63.2,67.9,53.8,58.5,63.2,67.9,53.8,58.5,63.2,67.9,53.8,58.5,63.2,67.9,53.8,58.5,63.2,67.9,53.8,58.5,63.2,67.9,53.8,58.5,63.2,67.9,53.8,58.5,63.2,67.9,53.8,58.5,63.2,67.9,53.8,58.5,63.2,67.9,53.8,58.5,63.2,67.9,53.8,58.5,63.2,67.9,53.8,58.5,63.2,67.9,53.8,58.5,63.2,67.9,53.8,58.5,63.2,67.9,53.8,58.5,63.2,67.9
48.42,48.04,48.13,47.87,48.09,48.15,48.71,48.64,48.11,48.11,48.14,48,47.9,47.83,48.14,48,47.99,48.14,48.04,48.15,48.09,48.01,48.01,48.27,47.91,48.07,47.92,48.09,47.72,48.06,48.06,48.06,48.03,48.77,48.1,48.25,47.99,48.08,47.87,48.07,48,48.13,48.03,48.12,48.07,47.86,48.85,48.15,48.06,48.05,47.98,48.1,48.07,48.03,48,48,48.06,48.05,48,48.05,47.97,47.86,48.02,48.05,51.99,51.76,51.76,52.05,51.81,51.81,52.05,52.07,51.98,51.9,52.07,51.9,52.04,52.12,51.7,52.19,52.09,52.19,52.09,52.19,51.85,51.93,52.14,52.09,52.12,52.07,51.9,51.8,51.93,51.85,52.09,51.93,51.85,51.9,52.07,52.09,52.07,52.05,51.89,52.05,52.1,50.43,52.05,52.07,52.05,52.05,52.07,52.05,52.07,52.07,52.12,52.07,52.07,52.07,52.12,52.52,52.2,52.07,52.05,52.05,51.86,52.05,52.07,52.05,56.03,56.05,56.06,56.06,56.03,56.08,56.03,56.06,56.03,56.03,56.03,56.03,56.03,56.03,56.06,56.06,56.05,56.03,56.03,56.06,56.03,56.06,56.06,56.03,56.03,56.06,56.06,56.08,56.03,56.03,56.03,56.02,56.05,56.06,56.03,56.03,56.07,56.06,56.02,56.03,56.03,56.03,56.06,56.03,56.03,56.03,56.03,56.03,56.03,56.03,56.03,56.03,56.03,56.03,56.03,56.03,56.03,56.03,56.03,56.03,56.03,56.03,56.06,56.03,43.5,43.6,43.5,43.5,43.5,43.5,43.5,43.5,43.6,43.4,43.6,43.5,43.6,43.5,43.4,43.5,43.6,43.6,43.6,43.4,43.6,43.6,43.5,43.6,43.6,43.6,43.6,43.6,43.6,43.5,43.5,43.6,43.6,43.6,43.6,43.6,43.57,43.5,43.6,43.6,43.6,43.6,43.5,43.5,43.6,43.5,43.5,43.5,43.6,43.6,43.6,43.6,43.5,43.6,43.6,43.6,43.6,43.6,43.5,43.6,43.5,43.6,43.5,43.6,46.4,46.4,46.4,46.4,46.5,46.5,46.4,46.5,46.4,46.5,46.5,46.5,46.5,46.5,46.5,46.4,46.5,46.5,46.4,46.5,46.5,46.5,46.4,46.5,46.5,46.4,46.4,46.5,46.5,46.5,46.5,46.51,46.4,46.5,46.5,46.5,46.4,45.5,46.4,46.4,46.4,46.4,46.4,46.5,46.5,46.5,46.4,46.5,46.4,46.4,46.4,46.4,46.5,46.5,46.4,46.5,46.4,46.5,46.4,46.4,46.4,46.5,46.6,46.4,50.8,50.8,50.8,50.8,50.8,50.7,50.8,50.7,50.8,50.8,50.7,50.8,50.7,50.8,50.9,50.8,50.8,50.7,50.8,50.7,50.7,50.9,50.9,50.8,50.8,50.7,50.9,50.7,50.7,50.8,50.8,50.9,50.7,50.8,50.9,50.7,50.8,50.8,50.7,50.8,50.8,50.7,50.8,50.8,50.8,50.8,50.7,50.8,50.8,50.8,50.7,50.8,50.8,50.7,50.8,50.7,50.8,50.8,50.7,50.7,50.8,50.7,50.8,50.7
32.79,36.4,39.91,43.4,32.8,36.4,39.9,40,32.8,36.4,39.91,40,32.8,36.41,39.91,40,32.8,36.4,39.9,40,32.8,36.4,39.91,43.4,32.8,36.4,39.9,40,32.81,36.4,39.99,41,32.8,36.4,39.89,40.01,32.8,36.41,39.91,43.4,32.8,36.41,39.91,42.01,32.8,36.41,39.9,40,32.81,36.4,39.9,42.01,32.81,36.41,39.9,41,32.79,36.39,39.91,42,32.8,36.41,39.9,43.4,35.89,39.41,42.91,46.5,35.89,39.4,42.91,46.4,35.9,39.4,42.9,43.49,35.91,39.4,42.89,43,35.89,39.39,42.9,42.99,35.9,39.4,42.89,43,35.89,39.4,42.89,42.99,35.9,39.4,42.9,43,35.9,39.4,42.9,42.01,35.9,39.39,42.9,46.5,35.9,39.4,42.91,46.49,35.91,39.39,42.89,46.5,35.91,39.39,42.91,46.5,35.91,39.39,42.91,46.51,35.9,39.4,42.9,46.5,35.91,39.39,42.9,46.5,38.61,42.11,45.59,49.1,38.61,42.1,45.59,49.1,38.61,42.1,45.59,49.1,38.61,42.1,45.6,49.1,38.6,42.1,45.59,49.1,38.61,42.09,45.59,49.1,38.61,42.11,45.59,49.11,38.61,42.1,45.59,49.1,38.6,42.09,45.59,49.1,38.6,42.09,45.6,49.1,38.61,42.1,45.59,49.1,38.61,42.1,45.59,49.1,38.61,42.1,45.59,49.1,38.61,42.1,45.59,49.1,38.61,42.1,45.59,49.1,38.61,42.1,45.59,49.1,31.9,35.2,38.5,41.8,31.9,35.2,38.5,41.8,31.9,35.2,38.5,41.8,31.9,35.2,38.5,41.8,31.9,35.2,38.5,41.8,31.9,35.2,38.5,41.8,31.9,35.2,38.5,41.8,31.9,35.2,38.5,41.8,31.9,35.2,38.5,41.8,31.9,35.2,38.5,41.8,31.9,35.2,38.5,41.8,31.9,35.2,38.5,41.8,31.9,35.2,38.5,41.8,31.9,35.2,38.5,41.8,31.9,35.2,38.5,41.8,31.9,35.2,38.5,41.8,33.7,37,40.3,43.6,33.7,37,40.3,43.6,33.7,37,40.3,43.6,33.7,37,40.3,43.6,33.7,37,40.3,43.6,33.7,37,40.3,43.6,33.7,37,40.3,43.6,33.7,37,40.3,43.6,33.7,37,40.3,43.6,33.7,37,40.3,43.6,33.7,37,40.3,43.6,33.7,37,40.3,43.6,33.7,37,40.3,43.6,33.7,37,40.3,43.6,33.7,37,40.3,43.6,33.7,37,40.3,40,37.5,40.8,44.1,47.4,37.5,40.8,44.1,47.4,37.5,40.8,44.1,47.4,37.5,40.8,44.1,47.4,37.5,40.8,44.1,47.4,37.5,48.8,44.1,47.4,37.5,40.8,44.1,47.4,37.5,40.8,44.1,47.4,37.5,40.8,44.1,47.4,37.5,40.8,44.1,47.4,37.5,40.8,44.1,47.4,37.5,40.8,44.1,47.4,37.5,40.8,44.1,47.4,37.5,40.8,44.1,47.4,37.5,40.8,44.1,47.4,37.5,40.8,44.1,47.4
19.9,22.1,24.2,26.3,19.9,22.1,24.2,26.24,19.9,22.1,24.19,26.3,19.9,22.09,24.19,26.3,19.89,22.09,24.2,26.3,19.9,22.09,24.19,26.31,19.9,22.09,24.2,26.3,19.9,22.11,24.21,26.3,19.89,22.11,24.2,26.31,19.9,22.1,24.2,26.31,19.91,22.11,24.2,26.3,19.9,22.1,24.21,26.3,19.89,22.1,24.2,26.29,19.9,22.09,24.2,26.3,19.89,22.1,24.2,26.3,19.91,22.1,24.19,26.3,21.69,23.89,25.99,28.1,21.69,23.91,26,28.1,21.71,23.9,26.01,28.1,21.7,23.9,26,28.11,21.7,23.89,26,28.11,21.7,23.9,26.01,28.11,21.7,23.91,26.01,28.1,21.7,23.89,26,28.09,21.7,23.9,26.01,28.11,21.69,23.9,26.02,28.1,21.71,23.91,26,28.1,21.69,23.9,26,28.1,21.7,23.9,26.01,28.09,21.7,23.9,26.01,28.11,21.71,23.91,26,28.1,21.7,23.9,26.01,28.1,23.3,25.4,27.59,29.71,23.3,25.4,27.6,29.71,23.3,25.4,27.6,29.7,23.3,25.4,27.61,29.71,23.3,25.4,27.6,29.71,23.3,25.41,27.59,29.7,23.3,25.41,27.59,29.69,23.3,25.4,27.6,29.71,23.3,25.41,27.6,29.7,23.3,25.41,27.6,29.7,23.3,25.4,27.59,29.7,23.3,25.4,27.6,29.7,23.3,25.4,27.6,29.7,23.3,25.4,27.6,29.7,23.3,25.4,27.6,29.7,23.3,25.4,27.59,29.7,15.3,16.9,18.5,20.1,15.3,16.89,18.51,20.09,15.31,16.9,18.5,20.09,15.3,16.9,18.49,20.09,15.31,16.89,18.49,20.9,15.3,16.91,18.49,20.09,15.31,16.9,18.49,20.1,15.31,16.9,18.51,20.1,15.3,16.91,18.51,20.1,15.29,16.9,18.5,20.11,15.3,16.91,18.5,20.11,15.3,16.9,18.51,20.09,15.3,16.9,18.5,20.1,15.3,16.9,18.5,20.1,15.29,16.91,18.49,20.1,15.29,16.9,18.5,20.1,16.2,17.8,19.4,21.01,16.2,17.81,19.4,21.01,16.21,17.8,19.4,21.01,16.2,17.8,19.4,21,16.2,17.79,19.41,21.01,16.21,17.81,19.4,21.01,16.21,17.79,19.41,21.01,16.19,17.8,19.39,21.01,16.21,17.8,19.4,21.01,16.2,17.8,19.4,21.01,16.2,17.79,19.41,20.99,16.2,17.81,19.4,21.01,16.21,17.79,19.4,21.01,16.21,17.8,19.4,21.01,16.2,17.81,19.4,21,16.2,17.81,19.4,21.01,18.1,19.69,21.3,22.89,18.1,19.71,21.3,22.91,18.1,19.69,21.3,22.89,18.11,19.69,21.31,22.9,18.1,19.71,21.3,22.91,18.1,19.7,21.3,22.9,18.1,19.71,21.31,22.9,18.11,19.7,21.3,22.9,18.11,19.7,21.31,22.91,18.1,19.69,21.29,22.9,18.1,19.69,21.3,22.91,18.1,19.69,21.31,22.9,18.1,19.69,21.31,22.91,18.1,19.69,21.3,22.91,18.1,19.69,21.29,22.91,18.1,19.71,21.3,22.9
